Driver,Team,LapTimeSeconds,Sector1Seconds,Sector2Seconds,Sector3Seconds,Compound,TyreLife,IsAccurate,Deleted,TrackStatus
NOR,McLaren,77.939,27.632,27.839,22.468,SOFT,6,True,False,1
HAM,Ferrari,78.056,27.589,28.314,22.153,SOFT,2,True,False,1
ANT,Mercedes,78.068,27.751,27.933,22.384,SOFT,5,True,False,1
NOR,McLaren,78.206,27.619,27.889,22.698,SOFT,3,True,False,1
ANT,Mercedes,78.254,27.648,28.032,22.574,SOFT,2,True,False,1
LEC,Ferrari,78.291,27.665,28.277,22.349,SOFT,2,True,False,1
LEC,Ferrari,78.343,27.687,28.244,22.412,SOFT,6,True,False,1
PIA,McLaren,78.438,27.778,28.109,22.551,SOFT,6,True,False,1
PIA,McLaren,78.464,27.923,27.984,22.557,SOFT,2,True,False,1
LEC,Ferrari,78.54,27.755,28.329,22.456,SOFT,8,True,False,1
RUS,Mercedes,78.541,27.9,28.319,22.322,SOFT,7,True,False,1
HAM,Ferrari,78.632,27.694,28.338,22.6,SOFT,6,True,False,1
VER,Red Bull Racing,78.656,27.652,28.282,22.722,SOFT,2,True,False,1
LEC,Ferrari,78.668,27.908,28.174,22.586,SOFT,9,True,False,1
ANT,Mercedes,78.812,27.862,28.378,22.572,SOFT,6,True,False,1
RUS,Mercedes,78.869,27.85,28.391,22.628,SOFT,4,True,False,1
HAD,Red Bull Racing,78.943,27.845,28.337,22.761,SOFT,7,True,False,1
VER,Red Bull Racing,78.972,27.912,28.32,22.74,SOFT,5,True,False,1
HAD,Red Bull Racing,79.052,28.034,28.365,22.653,SOFT,4,True,False,1
HAM,Ferrari,79.053,27.809,28.751,22.493,SOFT,6,True,False,1
NOR,McLaren,79.062,27.98,28.42,22.662,SOFT,2,True,False,1
HAD,Red Bull Racing,79.085,27.983,28.373,22.729,SOFT,7,True,False,1
LAW,Racing Bulls,79.088,28.145,28.258,22.685,SOFT,2,True,False,1
HUL,Audi,79.16,27.936,28.352,22.872,SOFT,2,True,False,1
PIA,McLaren,79.236,27.877,28.528,22.831,SOFT,8,True,False,1
VER,Red Bull Racing,79.281,27.955,28.265,23.061,SOFT,4,True,False,1
RUS,Mercedes,79.286,27.871,28.857,22.558,SOFT,3,True,False,1
BOR,Audi,79.338,28.061,28.497,22.78,SOFT,2,True,False,1
HAD,Red Bull Racing,79.358,28.144,28.595,22.619,SOFT,2,True,False,1
LEC,Ferrari,79.387,27.981,28.902,22.504,SOFT,6,True,False,1
PIA,McLaren,79.543,28.237,28.366,22.94,SOFT,10,True,False,1
VER,Red Bull Racing,79.564,27.982,28.94,22.642,SOFT,2,True,False,1
BOR,Audi,79.666,28.057,28.753,22.856,SOFT,5,True,False,1
GAS,Alpine,79.723,27.95,28.95,22.823,SOFT,2,True,False,1
NOR,McLaren,79.881,27.899,28.499,23.483,SOFT,6,True,False,1
LIN,Racing Bulls,79.895,28.079,28.647,23.169,SOFT,4,True,False,1
PIA,McLaren,79.918,28.221,28.834,22.863,SOFT,2,True,False,1
LAW,Racing Bulls,80.035,28.279,28.669,23.087,MEDIUM,8,True,False,1
COL,Alpine,80.055,28.037,28.954,23.064,SOFT,2,True,False,1
LIN,Racing Bulls,80.073,28.32,28.849,22.904,SOFT,2,True,False,1
LEC,Ferrari,80.155,28.331,29.093,22.731,SOFT,2,True,False,1
OCO,Haas F1 Team,80.295,28.279,29.047,22.969,SOFT,2,True,False,1
BEA,Haas F1 Team,80.312,28.198,29.132,22.982,SOFT,5,True,False,1
LAW,Racing Bulls,80.317,28.614,28.849,22.854,MEDIUM,2,True,False,1
BEA,Haas F1 Team,80.346,28.206,29.278,22.862,SOFT,2,True,False,1
LEC,Ferrari,80.376,28.126,29.097,23.153,SOFT,12,True,False,1
HUL,Audi,80.392,28.29,28.864,23.238,MEDIUM,5,True,False,1
ALO,Aston Martin,80.393,28.349,28.945,23.099,SOFT,2,True,False,1
HUL,Audi,80.403,28.275,28.992,23.136,MEDIUM,9,True,False,1
LEC,Ferrari,80.471,28.137,29.013,23.321,SOFT,13,True,False,1
GAS,Alpine,80.471,28.227,29.104,23.14,SOFT,12,True,False,1
NOR,McLaren,80.493,28.065,28.208,24.22,SOFT,9,True,False,1
HAM,Ferrari,80.505,28.643,29.26,22.602,SOFT,2,True,False,1
HAM,Ferrari,80.527,28.328,29.28,22.919,SOFT,10,True,False,1
GAS,Alpine,80.546,28.155,29.127,23.264,SOFT,6,True,False,1
BOR,Audi,80.573,28.278,29.02,23.275,MEDIUM,7,True,False,1
HUL,Audi,80.643,28.348,29.149,23.146,MEDIUM,2,True,False,1
OCO,Haas F1 Team,80.652,28.526,29.053,23.073,SOFT,5,True,False,1
HAM,Ferrari,80.718,28.449,29.289,22.98,SOFT,11,True,False,1
ALO,Aston Martin,80.788,28.539,29.249,23.0,SOFT,7,True,False,1
OCO,Haas F1 Team,80.849,28.508,29.201,23.14,SOFT,9,True,False,1
HAM,Ferrari,80.893,28.396,29.316,23.181,SOFT,12,True,False,1
STR,Aston Martin,80.933,28.877,28.947,23.109,SOFT,3,True,False,1
OCO,Haas F1 Team,80.962,28.518,29.233,23.211,SOFT,6,True,False,1
OCO,Haas F1 Team,80.967,28.485,29.274,23.208,SOFT,3,True,False,1
STR,Aston Martin,81.047,28.646,29.179,23.222,SOFT,9,True,False,1
HAM,Ferrari,81.089,28.639,29.396,23.054,SOFT,9,True,False,1
BEA,Haas F1 Team,81.094,28.576,29.36,23.158,SOFT,5,True,False,1
COL,Alpine,81.132,28.453,29.539,23.14,SOFT,6,True,False,1
BOT,Cadillac,81.299,28.527,29.616,23.156,SOFT,5,True,False,1
COL,Alpine,81.306,28.38,29.648,23.278,SOFT,9,True,False,1
GAS,Alpine,81.332,28.495,29.488,23.349,SOFT,9,True,False,1
STR,Aston Martin,81.337,28.584,29.436,23.317,SOFT,7,True,False,1
BOT,Cadillac,81.358,28.645,29.617,23.096,SOFT,8,True,False,1
SAI,Williams,81.406,28.434,29.61,23.362,SOFT,9,True,False,1
BOR,Audi,81.48,29.028,29.312,23.14,MEDIUM,2,True,False,1
ALB,Williams,81.513,28.467,29.522,23.524,SOFT,4,True,False,1
ALO,Aston Martin,81.563,28.979,29.309,23.275,MEDIUM,3,True,False,1
LAW,Racing Bulls,81.612,28.619,29.486,23.507,MEDIUM,13,True,False,1
ALO,Aston Martin,81.714,28.779,29.522,23.413,MEDIUM,8,True,False,1
COL,Alpine,81.747,28.529,29.839,23.379,SOFT,4,True,False,1
GAS,Alpine,81.753,28.481,29.822,23.45,SOFT,5,True,False,1
SAI,Williams,81.785,28.626,29.603,23.556,SOFT,6,True,False,1
ALO,Aston Martin,81.789,28.755,29.594,23.44,MEDIUM,6,True,False,1
BEA,Haas F1 Team,81.799,28.582,29.637,23.58,SOFT,2,True,False,1
BOR,Audi,81.816,28.743,29.678,23.395,MEDIUM,11,True,False,1
STR,Aston Martin,81.923,29.073,29.553,23.297,MEDIUM,6,True,False,1
HUL,Audi,82.067,28.719,29.625,23.723,MEDIUM,12,True,False,1
HUL,Audi,82.154,28.938,29.47,23.746,MEDIUM,13,True,False,1
STR,Aston Martin,82.163,29.077,29.526,23.56,MEDIUM,4,True,False,1
SAI,Williams,82.195,28.92,29.67,23.605,SOFT,2,True,False,1
BOT,Cadillac,82.209,28.687,29.872,23.65,SOFT,2,True,False,1
HUL,Audi,82.228,28.619,29.913,23.696,MEDIUM,11,True,False,1
LAW,Racing Bulls,82.326,29.003,29.668,23.655,MEDIUM,14,True,False,1
LAW,Racing Bulls,82.4,28.922,29.849,23.629,MEDIUM,11,True,False,1
COL,Alpine,82.464,28.731,30.227,23.506,SOFT,2,True,False,1
LEC,Ferrari,82.524,28.391,29.093,25.04,SOFT,11,True,False,1
HUL,Audi,82.532,28.879,29.915,23.738,MEDIUM,14,True,False,1
LAW,Racing Bulls,82.718,29.398,29.764,23.556,MEDIUM,12,True,False,1
BOT,Cadillac,83.28,29.226,30.39,23.664,SOFT,2,True,False,1
COL,Alpine,84.233,29.276,30.677,24.28,SOFT,15,True,False,1
COL,Alpine,84.381,29.124,31.015,24.242,SOFT,14,True,False,1
COL,Alpine,84.449,29.257,31.007,24.185,SOFT,13,True,False,1
NOR,McLaren,85.392,30.411,30.2,24.781,SOFT,2,True,False,1
COL,Alpine,85.509,29.363,31.749,24.397,SOFT,12,True,False,1
NOR,McLaren,93.185,31.341,31.02,30.824,SOFT,5,True,False,1
STR,Aston Martin,93.464,31.584,33.2,28.68,MEDIUM,9,True,False,1
GAS,Alpine,93.724,29.221,39.032,25.471,SOFT,5,True,False,1
PIA,McLaren,93.746,33.292,34.101,26.353,SOFT,7,True,False,1
RUS,Mercedes,93.755,32.548,35.857,25.35,SOFT,2,True,False,1
HAM,Ferrari,94.69,34.136,33.905,26.649,SOFT,5,True,False,1
SAI,Williams,94.913,32.07,36.467,26.376,SOFT,5,True,False,1
ANT,Mercedes,95.009,32.43,35.494,27.085,SOFT,2,True,False,1
RUS,Mercedes,95.372,31.102,37.041,27.229,SOFT,2,True,False,1
LIN,Racing Bulls,95.577,36.298,34.698,24.581,SOFT,3,True,False,1
BOR,Audi,95.685,32.876,34.153,28.656,MEDIUM,6,True,False,1
OCO,Haas F1 Team,96.185,28.525,36.076,31.584,SOFT,2,True,False,1
GAS,Alpine,96.749,36.39,34.875,25.484,SOFT,11,True,False,1
HUL,Audi,97.533,32.317,36.438,28.778,MEDIUM,8,True,False,1
BOR,Audi,98.257,38.306,35.559,24.392,MEDIUM,12,True,False,1
STR,Aston Martin,99.068,33.897,37.794,27.377,SOFT,6,True,False,1
SAI,Williams,99.786,33.234,40.218,26.334,SOFT,2,True,False,1
ALO,Aston Martin,99.957,34.889,35.46,29.608,SOFT,6,True,False,1
VER,Red Bull Racing,100.716,30.252,41.226,29.238,SOFT,7,True,False,1
PIA,McLaren,100.985,40.906,35.79,24.289,SOFT,5,True,False,1
GAS,Alpine,101.013,36.768,37.279,26.966,SOFT,8,True,False,1
HAD,Red Bull Racing,102.22,39.033,37.106,26.081,SOFT,6,True,False,1
STR,Aston Martin,103.475,36.359,39.879,27.237,SOFT,2,True,False,1
NOR,McLaren,103.481,34.884,41.288,27.309,SOFT,8,True,False,1
HUL,Audi,103.622,38.789,37.94,26.893,MEDIUM,10,True,False,1
GAS,Alpine,103.668,40.07,38.239,25.359,SOFT,4,True,False,1
NOR,McLaren,103.683,41.456,35.812,26.415,SOFT,5,True,False,1
PIA,McLaren,104.289,38.797,40.146,25.346,SOFT,4,True,False,12
GAS,Alpine,104.793,38.333,39.011,27.449,SOFT,7,True,False,1
GAS,Alpine,104.929,39.276,38.601,27.052,SOFT,7,True,False,1
COL,Alpine,105.641,39.163,40.232,26.246,SOFT,8,True,False,1
HAD,Red Bull Racing,105.698,40.515,36.239,28.944,SOFT,6,True,False,1
LAW,Racing Bulls,106.03,42.318,38.126,25.586,MEDIUM,7,True,False,1
LEC,Ferrari,106.158,38.346,36.055,31.757,SOFT,10,True,False,1
PIA,McLaren,107.582,40.911,40.868,25.803,SOFT,3,True,False,1
BOT,Cadillac,108.042,41.383,39.203,27.456,SOFT,9,True,False,1
ALO,Aston Martin,108.058,39.902,39.482,28.674,SOFT,3,True,False,1
ALO,Aston Martin,108.179,40.751,38.854,28.574,MEDIUM,7,True,False,1
BEA,Haas F1 Team,109.138,35.499,35.245,38.394,SOFT,7,True,False,1
NOR,McLaren,109.222,33.11,35.363,40.749,SOFT,9,True,False,1
STR,Aston Martin,109.972,41.936,38.799,29.237,SOFT,8,True,False,1
HAM,Ferrari,110.314,47.007,38.487,24.82,SOFT,7,True,False,1
LEC,Ferrari,110.352,35.991,34.724,39.637,SOFT,9,True,False,1
STR,Aston Martin,110.901,38.231,44.123,28.547,MEDIUM,3,True,False,1
BOR,Audi,111.356,33.08,40.407,37.869,SOFT,8,True,False,1
BEA,Haas F1 Team,111.466,47.2,39.084,25.182,SOFT,4,True,False,1
RUS,Mercedes,112.079,46.608,40.407,25.064,SOFT,6,True,False,1
RUS,Mercedes,112.129,37.665,47.601,26.863,SOFT,3,True,False,1
OCO,Haas F1 Team,112.439,42.534,43.944,25.961,SOFT,8,True,False,1
PIA,McLaren,113.01,41.641,44.31,27.059,SOFT,9,True,False,1
LEC,Ferrari,113.233,38.884,45.934,28.415,SOFT,7,True,False,1
LEC,Ferrari,114.345,42.479,45.064,26.802,SOFT,4,True,False,1
LEC,Ferrari,114.846,40.34,42.61,31.896,SOFT,3,True,False,1
OCO,Haas F1 Team,115.337,41.706,40.502,33.129,SOFT,6,True,False,1
PIA,McLaren,115.41,41.976,43.341,30.093,SOFT,7,True,False,1
HAM,Ferrari,115.541,28.774,38.725,48.042,SOFT,8,True,False,1
NOR,McLaren,119.857,41.297,44.229,34.331,SOFT,4,True,False,1
GAS,Alpine,119.928,45.085,43.958,30.885,SOFT,10,True,False,1
SAI,Williams,120.267,43.684,43.242,33.341,SOFT,4,True,False,1
COL,Alpine,120.48,39.946,45.688,34.846,SOFT,4,True,False,1
OCO,Haas F1 Team,121.188,44.278,50.462,26.448,SOFT,5,True,False,1
RUS,Mercedes,121.337,45.194,38.633,37.51,SOFT,5,True,False,1
HAD,Red Bull Racing,121.561,40.73,41.87,38.961,SOFT,8,True,False,1
PIA,McLaren,122.488,46.888,41.602,33.998,SOFT,3,True,False,1
GAS,Alpine,123.097,44.129,46.123,32.845,SOFT,3,True,False,1
OCO,Haas F1 Team,123.601,43.935,45.48,34.186,SOFT,7,True,False,1
LAW,Racing Bulls,124.719,47.669,43.821,33.229,MEDIUM,3,True,False,12
NOR,McLaren,124.862,45.834,49.383,29.645,SOFT,7,True,False,1
HAD,Red Bull Racing,124.862,46.971,47.126,30.765,SOFT,5,True,False,1
STR,Aston Martin,125.07,42.268,47.957,34.845,MEDIUM,5,True,False,1
GAS,Alpine,125.911,41.932,47.057,36.922,SOFT,6,True,False,1
ALB,Williams,127.245,29.281,35.981,61.983,SOFT,5,True,False,1
OCO,Haas F1 Team,128.025,50.364,46.366,31.295,SOFT,4,True,False,1
SAI,Williams,128.738,29.426,33.691,65.621,SOFT,5,True,False,1
VER,Red Bull Racing,129.721,52.708,49.365,27.648,SOFT,6,True,False,1
VER,Red Bull Racing,132.561,54.944,51.02,26.597,SOFT,3,True,False,1
ANT,Mercedes,134.713,35.121,37.712,61.88,SOFT,9,True,False,1
HUL,Audi,135.739,33.028,38.013,64.698,SOFT,8,True,False,1
LIN,Racing Bulls,136.578,38.697,35.737,62.144,SOFT,5,True,False,1
RUS,Mercedes,138.178,50.071,58.403,29.704,SOFT,8,True,False,1
GAS,Alpine,140.394,35.493,37.58,67.321,SOFT,8,True,False,1
LAW,Racing Bulls,141.816,35.63,41.744,64.442,SOFT,7,True,False,1
VER,Red Bull Racing,142.069,36.429,33.895,71.745,SOFT,8,True,False,1
COL,Alpine,142.817,58.446,54.849,29.522,SOFT,3,True,False,1
PIA,McLaren,142.943,32.57,36.907,73.466,SOFT,13,True,False,1
RUS,Mercedes,145.739,37.367,38.048,70.324,SOFT,8,True,False,1
OCO,Haas F1 Team,146.738,35.087,37.832,73.819,SOFT,7,True,False,1
BEA,Haas F1 Team,148.322,61.633,51.155,35.534,SOFT,3,True,False,1
