predicted_quali_position,Driver,Team,best_FP1_lap,best_FP1_theoretical_lap,best_FP2_lap,best_FP2_theoretical_lap,best_FP3_lap,best_FP3_theoretical_lap,prediction_score
1,VER,Red Bull Racing,1:37.520,1:37.520,1:37.785,1:37.785,1:36.580,1:36.457,97.02224999999999
2,ANT,Mercedes,1:38.580,1:38.580,1:38.060,1:38.060,1:36.302,1:36.302,97.0832
3,HAD,Red Bull Racing,1:38.303,1:38.303,1:37.627,1:37.627,1:36.860,1:36.860,97.2682
4,RUS,Mercedes,1:37.903,1:37.903,1:38.020,1:38.020,1:36.912,1:36.716,97.33765
5,LEC,Ferrari,1:38.367,1:38.352,1:37.528,1:37.453,1:37.016,1:36.858,97.34665000000001
6,HAM,Ferrari,1:38.590,1:38.590,1:37.833,1:37.833,1:37.041,1:37.041,97.47135
7,NOR,McLaren,1:39.293,1:39.293,1:37.665,1:37.665,1:37.161,1:37.092,97.60679999999999
8,PIA,McLaren,1:39.276,1:39.239,1:37.899,1:37.899,1:37.366,1:37.366,97.78575
9,GAS,Alpine,1:38.715,1:38.715,1:38.588,1:38.446,1:38.241,1:37.948,98.39885
10,LAW,Racing Bulls,1:39.106,1:39.106,1:38.496,1:38.416,1:38.266,1:37.589,98.4495
11,LIN,Racing Bulls,1:39.197,1:39.197,1:38.880,1:38.880,1:38.084,1:38.084,98.44995
12,BOR,Audi,1:39.548,1:39.548,1:39.051,1:39.051,1:38.204,1:38.077,98.61734999999999
13,HUL,Audi,1:39.211,1:39.211,1:39.109,1:38.986,1:38.356,1:38.356,98.67249999999999
14,ALO,Aston Martin,1:39.683,1:39.646,1:39.478,1:39.332,1:38.223,1:38.173,98.75575
15,OCO,Haas F1 Team,1:40.158,1:40.090,1:39.361,1:39.251,1:38.252,1:38.240,98.81514999999999
16,BEA,Haas F1 Team,1:40.311,1:40.311,1:39.706,1:39.706,1:38.692,1:38.675,99.18835
17,SAI,Williams,1:40.605,1:40.605,1:39.930,1:39.862,1:38.716,1:38.716,99.30284999999999
18,STR,Aston Martin,1:40.413,1:40.413,1:40.150,1:40.150,1:38.811,1:38.811,99.38605000000001
19,ALB,Williams,1:40.321,1:40.321,1:40.221,1:40.160,1:39.049,1:39.033,99.53280000000001
20,COL,Alpine,1:40.531,1:40.378,1:43.391,1:43.248,1:37.920,1:37.920,99.6794
21,BOT,Cadillac,1:40.800,1:40.800,1:40.186,1:40.053,1:39.931,1:39.794,100.1251
22,PER,Cadillac,1:40.820,1:40.820,1:40.938,1:40.938,1:40.223,1:40.188,100.4913
