predicted_quali_position,Driver,best_FP1_lap,best_FP1_theoretical_lap,best_SQ_lap,best_SQ_theoretical_lap,prediction_score
1,HAM,1:29.260,1:29.211,1:28.376,1:28.376,88.7296
2,ANT,1:29.473,1:29.473,1:28.387,1:28.260,88.8214
3,LEC,1:29.859,1:29.687,1:28.703,1:28.665,89.1654
4,RUS,1:29.938,1:29.938,1:28.733,1:28.733,89.215
5,VER,1:30.240,1:30.053,1:28.697,1:28.697,89.3142
6,PIA,1:30.147,1:30.064,1:28.772,1:28.772,89.322
7,NOR,1:30.288,1:30.288,1:28.740,1:28.684,89.35919999999999
8,HAD,1:30.338,1:30.244,1:28.835,1:28.785,89.43619999999999
9,LAW,1:30.850,1:30.629,1:28.927,1:28.859,89.6962
10,HUL,1:30.743,1:30.515,1:29.707,1:29.603,90.1214
11,LIN,1:31.339,1:31.339,1:29.330,1:29.182,90.1336
12,BOR,1:31.035,1:31.035,1:29.679,1:29.679,90.2214
13,COL,1:30.966,1:30.961,1:29.983,1:29.983,90.37620000000001
14,SAI,1:31.684,1:31.588,1:30.197,1:30.197,90.7918
15,GAS,1:33.019,1:32.910,1:29.482,1:29.482,90.89680000000001
16,ALB,1:31.697,1:31.682,1:30.650,1:30.422,91.06880000000001
17,BEA,1:31.373,1:31.297,1:31.083,1:31.083,91.19900000000001
18,OCO,1:31.684,1:31.547,1:31.714,1:31.343,91.702
19,PER,1:32.241,1:32.241,1:31.776,1:31.627,91.96199999999999
20,BOT,1:32.150,1:32.009,1:32.020,1:31.896,92.072
21,ALO,1:32.957,1:32.881,1:32.910,1:32.667,92.9288
22,STR,1:33.130,1:32.890,1:32.988,1:32.988,93.04480000000001
