Position,Driver,DriverName,Team,SQ1,SQ1Seconds,SQ2,SQ2Seconds,SQ3,SQ3Seconds,Status,Potential Points
1.0,VER,Max Verstappen,Red Bull Racing,1:33.477,93.477,1:32.701,92.701,1:31.156,91.156,,8
2.0,RUS,George Russell,Mercedes,1:33.573,93.573,1:32.614,92.614,1:31.276,91.276,,7
3.0,LEC,Charles Leclerc,Ferrari,1:34.055,94.055,1:32.246,92.246,1:31.399,91.399,,6
4.0,PIA,Oscar Piastri,McLaren,1:34.277,94.277,1:33.106,93.106,1:31.454,91.454,,5
5.0,NOR,Lando Norris,McLaren,1:34.257,94.257,1:32.572,92.572,1:31.587,91.587,,4
6.0,HAM,Lewis Hamilton,Ferrari,1:33.748,93.748,1:32.562,92.562,1:31.702,91.702,,3
7.0,ANT,Kimi Antonelli,Mercedes,1:34.392,94.392,1:32.998,92.998,1:31.849,91.849,,2
8.0,LAW,Liam Lawson,Racing Bulls,1:34.855,94.855,1:33.133,93.133,1:32.341,92.341,,1
9.0,HAD,Isack Hadjar,Red Bull Racing,1:34.182,94.182,1:32.947,92.947,N/A,,,0
10.0,GAS,Pierre Gasly,Alpine,1:34.673,94.673,1:33.155,93.155,N/A,,,0
11.0,COL,Franco Colapinto,Alpine,1:35.048,95.048,1:33.249,93.249,N/A,,,0
12.0,HUL,Nico Hulkenberg,Audi,1:34.359,94.359,1:33.420,93.42,N/A,,,0
13.0,BEA,Oliver Bearman,Haas F1 Team,1:34.950,94.95,1:33.423,93.423,N/A,,,0
14.0,BOR,Gabriel Bortoleto,Audi,1:36.030,96.03,1:33.466,93.466,N/A,,,0
15.0,ALO,Fernando Alonso,Aston Martin,1:34.960,94.96,1:33.734,93.734,N/A,,,0
16.0,OCO,Esteban Ocon,Haas F1 Team,1:35.004,95.004,1:34.368,94.368,N/A,,,0
17.0,LIN,Arvid Lindblad,Racing Bulls,1:35.136,95.136,N/A,,N/A,,,0
18.0,STR,Lance Stroll,Aston Martin,1:35.662,95.662,N/A,,N/A,,,0
19.0,ALB,Alexander Albon,Williams,1:36.130,96.13,N/A,,N/A,,,0
20.0,BOT,Valtteri Bottas,Cadillac,1:36.868,96.868,N/A,,N/A,,,0
21.0,SAI,Carlos Sainz,Williams,1:37.376,97.376,N/A,,N/A,,,0
22.0,PER,Sergio Perez,Cadillac,1:37.830,97.83,N/A,,N/A,,,0
